character	term	ipa	note	status
Mori Calliope	kusotori	/kusoˈtoɾi/		provisional, untested
Mori Calliope	Kronster	/ˈkɹɑnstɚ/		provisional, untested
Takanashi Kiara	Kikkeriki	/ˌkɪkəʁiˈkiː/		provisional, untested
Takanashi Kiara	Wawa	/ˈwɑwɑ/		provisional, untested
Takanashi Kiara	auf Wiedersehen	/aʊ̯f ˈviːdɐˌzeːən/		provisional, untested
Ninomae Ina'nis	Takodachi	/tɑkoˈdɑtʃi/		provisional, untested
Ninomae Ina'nis	WAH	/wɑː/		provisional, untested
Gawr Gura	Gawr Gura	/ɡɔːɹ ˈɡʊɹə/		provisional, untested
Gawr Gura	or	/ɡaʊɹ ˈɡuːɹɑ/	test both	provisional, untested
Gawr Gura	chumbuds	/ˈtʃʌmbʌdz/		provisional, untested
Gawr Gura	Hoocha	/ˈhuːtʃə/		provisional, untested
Watson Amelia	Watson Amelia	/ˈwɑtsən əˈmiːliə/		provisional, untested
Watson Amelia	Teamates	/ˈtiːmˌmeɪts/		provisional, untested
IRyS	IRyS	/ˈaɪɹɪs/		provisional, untested
IRyS	nephilim	/ˈnɛfɪlɪm/		provisional, untested
IRyS	hopium	/ˈhoʊpiəm/		provisional, untested
IRyS	seiso	/ˈseɪsoʊ/		provisional, untested
IRyS	yabai	/jɑˈbaɪ/		provisional, untested
IRyS	IRyStocrats	/aɪˈɹɪstəkɹæts/		provisional, untested
Ouro Kronii	Ouro Kronii	/ˈoʊɹoʊ ˈkɹoʊni/		provisional, untested
Ouro Kronii	Kroniichiwa	/ˌkɹoʊniˈtʃiːwɑ/		provisional, untested
Ouro Kronii	Kronies	/ˈkɹoʊniz/		provisional, untested
Ouro Kronii	GWAK	/ɡwɑk/		provisional, untested
Ceres Fauna	Ceres	/ˈsɪəɹiːz/		provisional, untested
Ceres Fauna	Fauna	/ˈfɔːnə/		provisional, untested
Ceres Fauna	kirin	/ˈkɪɹɪn/		provisional, untested
Ceres Fauna	Konfauna	/kɑnˈfɔːnə/		provisional, untested
Ceres Fauna	Nemu	/ˈnɛmu/		provisional, untested
Nanashi Mumei	Hoomans	/ˈhuːmənz/		provisional, untested
Nanashi Mumei	moom	/muːm/		provisional, untested
Nanashi Mumei	yowai	/joʊˈwaɪ/		provisional, untested
Shiori Novella	Novella	/noʊˈvɛlə/		provisional, untested
Shiori Novella	Novelites	/ˈnɑvəliːts/	"""novel-eets"""	provisional, untested
Shiori Novella	Yorick	/ˈjɔɹɪk/		provisional, untested
Koseki Bijou	Bijou	/biˈʒuː/	"""bi-joo"""	provisional, untested
Koseki Bijou	Biboo	/ˈbiːbuː/		provisional, untested
Koseki Bijou	"Gerudo as ""Jerudo"""	/dʒəˈɹuːdoʊ/	her quirk, on purpose	provisional, untested
Nerissa Ravencroft	Nerissa	/nəˈɹɪsə/		provisional, untested
Nerissa Ravencroft	Ravencroft	/ˈɹeɪvənkɹɒft/		provisional, untested
Nerissa Ravencroft	Mofufu	/moʊˈfuːfuː/		provisional, untested
Nerissa Ravencroft	Ope	/oʊp/		provisional, untested
Nerissa Ravencroft	senpai	/ˈsɛnpaɪ/		provisional, untested
Fuwawa Abyssgard	Abyssgard	/ˈæbɪsɡɑɹd/	"""AB-iss-gard"""	provisional, untested
Fuwawa Abyssgard	bau	/baʊ/		provisional, untested
Fuwawa Abyssgard	Ruffians	/ˈɹʌfiənz/		provisional, untested
Mococo Abyssgard	Mogogo	/moʊˈɡoʊɡoʊ/		provisional, untested
Mococo Abyssgard	Mogojyan	/moʊɡoʊˈdʒɑn/		provisional, untested
Mococo Abyssgard	Abyssgard	/ˈæbɪsɡɑɹd/		provisional, untested
Elizabeth Rose Bloodflame	Elizabeth	/ɪˈlɪzəbəθ/		provisional, untested
Elizabeth Rose Bloodflame	Bloodflame	/ˈblʌdfleɪm/		provisional, untested
Elizabeth Rose Bloodflame	Rosarians	/ɹoʊˈzɛəɹiənz/		provisional, untested
Elizabeth Rose Bloodflame	Exardia	/ɛɡˈzɑːdiə/		provisional, untested
Gigi Murin	Gigi	/ˈdʒiːdʒiː/		provisional, untested
Gigi Murin	Murin	/ˈmʊɹɪn/		provisional, untested
Gigi Murin	grems	/ɡɹɛmz/		provisional, untested
Cecilia Immergreen	Cecilia	/sɛˈsiːliə/		provisional, untested
Cecilia Immergreen	Immergreen	/ˈɪməɹɡɹiːn/		provisional, untested
Cecilia Immergreen	Otomos	/oʊˈtoʊmoʊz/		provisional, untested
Cecilia Immergreen	Immerheim	/ˈɪməɹhaɪm/		provisional, untested
Raora Panthera	Raora	/ɹaˈɔːɹa/		provisional, untested
Raora Panthera	Panthera	/pænˈθɛɹə/		provisional, untested
Raora Panthera	Chattini	/tʃəˈtiːni/	"""chuh-TEE-nee""; unverified"	provisional, untested
Raora Panthera	Chattino	/tʃəˈtiːnoʊ/		provisional, untested
Raora Panthera	ciao	/tʃaʊ/		provisional, untested
