Name,Role,Other Names,Description,Rules,Sensory Details,Secrets
AmeSame,Relationship,"Ame and Gura, Gura and Ame, The Fish Tank, amesame","Watson Amelia and Gawr Gura, Myth's gremlin and Myth's shark, close Myth friends and frequent early collaborators. They hosted The Fish Tank, a talk show built on staged arguments, and pranked each other endlessly (Ame's Minecraft mine ""Gura's Backdoor""; Ame killing Gura in Among Us right after Gura said ""Not me, right?""). The sweet side showed too: Gura rewrote ""You Are My Sunshine"" about Amelia, picked ""Watson"" as the family name she'd take, and got flustered whenever a staged argument turned into real praise. On 2024-09-29, the day before Ame concluded her regular activities, they streamed ""Looking at our old DMs"" together. Gura graduated on 2025-05-01. At the 2026 baseline Ame is an affiliate and Gura has graduated; their shared history lives on in callbacks, their gold-and-blue colors, and Kiara's tribute song ""Blue & Gold.""","At the 2026-09-30 baseline, Ame is an affiliate and Gura has graduated. Their shared streaming history supplies callbacks and memories; graduation does not establish anything about their subsequent private contact. Stories set before October 2024 can use them together freely. Teasing can be crude and relentless, and Gura has become flustered when Ame turns teasing into praise. The ship name is a fan term, not romance.",Gold and blue side by side (💛💙); a shark hood next to a deerstalker; two voices arguing on purpose and cracking up; Gura going flustered when a staged argument turns into praise; an old DM thread scrolled on stream.,
Bone Bros,Relationship,"Calli and Gura, Gura and Calli","Mori Calliope and Gawr Gura, the reaper and the shark: a bickering duo of pranks and jabs, where Calli's gruff big-sister threats bounce off Gura's cheerful dumb-shark defiance. They were the English branch's first two to reach a million subscribers, were named Tokyo Tourism Ambassadors together (2023) and sang ""Q"" with DECO*27 (2022). Their collabs thinned out over the years, but on the Myth relay before Gura's graduation Calli's stream was ""One Last Minecraft Trip."" Gura graduated on 2025-05-01. Her single ""Full Color"" was never released; Calli performed it at Myth's fourth-anniversary concert ""The Show Goes On!"" (2024) and, with Kiara, said she would keep singing it.","At the 2026 baseline Gura has graduated; Bone Bros lives in memories, the ""Q"" duet and ""Full Color."" Before May 2025 they can prank and bicker freely. Calli's affection tends to show through teasing and actions more than speeches.","Black and blue; a scythe beside a trident; Calli's ""LISTEN."" against Gura's ""a""; a Minecraft sunset on a last trip; Calli singing Gura's song in karaoke and not saying why.",
Concerts and Live Events,Culture,"fes, hololive fes, SUPER EXPO, EN concert, Serendipity, world tour, 3D live, birthday live, aftertalk","The stages of the hololive year. Recurring formats: each spring, hololive fes. with hololive SUPER EXPO in Japan (a combined tradition since 2022; Calli and Kiara sang at the 2022 fes. in Makuhari, Nerissa at the 6th fes. in 2025); each summer, a hololive English concert in the US (2023 ""-Connect the World-""; 2024 ""-Breaking Dimensions-,"" New York; 2025 ""-All for One-,"" Radio City; 2026 ""Serendipity,"" Los Angeles, July 3–4, built on pairs including Calli–Shiori, Kronii–Ina, Kiara–Bijou, IRyS–Bae and Nerissa–Elizabeth); world tours (World Tour '24 ""-Soar!-"" with Kiara, Ina and Bae among seven performers, with Kronii and Nerissa at pre-concert panels; World Tour '25 ""-Synchronize!-"" led by Calli, IRyS, Nerissa, Nene and Ollie, with Kronii and Bae as Sydney guests); birthday and anniversary 3D lives; holoMeet. The cast's own stages: Calli's ""GriMoire"" at the Hollywood Palladium (2025, the first hololive solo concert outside Japan); Kiara and Ina's duo concert ""Drawn to Dawn"" (2026); Kronii's ""The Goddess Descends"" birthday live with Ame as guest (March 2026); IRyS's ""HOPE UPON A STAR"" and ""Racing Towards Hope"" lives and her first solo concert, Tokyo, 2026-10-06; Nerissa's ""Requiem for Love – A JukeBox Musical"" (2025) with Calli and IRyS as guests; Gura's final mini live (2025-05-01). A member may stream an aftertalk afterward.","Concerts are told through the avatar performance and the members' talk before and after (nerves, rehearsals, interviews, aftertalks), never the performers' physical bodies. Some guests are announced, others are surprises. US concert dates are local time; streamed lives may differ by a day between the Americas and Japan. IRyS's solo concert has not happened yet at the 2026-09-30 baseline.","Glowsticks in member colors; an LED wall; a new 3D outfit's reveal; a call-and-response from the crowd; the aftertalk chat flooding ""cute.""",
Cross-Branch Friends,Relationship,"Death Star, MoRikka, LYRA, Holodeath, PavoNashi, HOLOTORI, UMISEA, HoloJEI, TakoNeko, K.I.R.A, OKFAIR, Star Flower, IRySora, soranii, Apex Predators, KoMeHa, BLUE·MEGAMISAMA, V3LVET","The cast's ties beyond EN, including JP, ID, DEV_IS and HOLOSTARS. Calli is starstruck by Hoshimachi Suisei (""Death Star""): Suisei sang at Calli's first solo concert and Calli hosts watch parties of Suisei's lives; with HOLOSTARS' Rikka she released ""spiral tones"" (""MoRikka""); with Niko, Risu, Kanata and Elizabeth she sang a ""III"" remix as ""LYRA""; Kobo Kanaeru calls Calli ""Uncle Dad"" and Kiara ""Mommy Kiwawa."" Kiara's oshi is Usada Pekora; Pavolia Reine is a recurring collaborator (""PavoNashi""; both in the bird unit ""HOLOTORI""). Ina was in the ocean unit UMISEA (Aqua, Marine, Chloe, Gura; history now) and duets with Nekomata Okayu. Gura had ""Apex Predators"" with Shishiro Botan and a duet cover with Murasaki Shion. Ame has ""KoMeHa"" with Kobo and Iroha. Kronii's recurring cross-branch partner is Kaela Kovalskia (years of survival and sim co-ops; a World Tour '24 panel), plus ""soranii"" with Tokino Sora and co-ops with Justice's Raora. IRyS's recurring Japanese collaborator is Shiranui Flare (horror camping, Splatoon, karaoke), and she sings with Moona, Suisei and AZKi (""Star Flower""). Nerissa's oshi is Houshou Marine; she pairs with Tokino Sora (""BLUE·MEGAMISAMA""), sings on Moona's ""100%,"" and Kobo calls her ""Nori-chan.""","Senpai and kouhai describe relative seniority, not language or nationality; forms of address and levels of formality vary by relationship. Unit lineups belong to their period: graduates and affiliates are not current regular partners. Members of other agencies are only brief, friendly mentions.","A bilingual stream title with both names; a senpai's plush on a shelf; a starstruck ""Senpai!""; Japanese and English mixed mid-sentence.",
IRyS and Nerissa Pairs,Relationship,"MorIRyS, CHADCast, KiaRissa, IRyS and Kronii, IRyS and Ina, Nerissa and Calli, Nerissa and IRyS","IRyS and Calli: Calli collabed with her on July 29, 2021, eighteen days after IRyS's debut; with Bae they host CHADCast (""Chaos, Hope, and Death!""), and they still team up (Silent Hill 2 as ""Two Pink Women,"" karaoke). IRyS and Kronii: Promise unitmates since 2023 and friends since 2021, regulars at two-player games (A Way Out, Bokura, a Powerwash race, ""May The Best Maid Win""); in 2026 IRyS said she could pull off Kronii's goddess look ""somehow."" IRyS and Ina: an early duo (It Takes Two, ""It Takes Tako & Hope"") who still play together. IRyS and Kiara: Kiara gave her a German crash course; nail-painting off-collab. Nerissa and Kiara (KiaRissa): Kiara is Nerissa's oshi; Kiara showed her around Minecraft; a 2024 off-collab trip; a 2025 ""BIRB GIRLS"" GIRLSTALK. Nerissa and Calli: a Baldur's Gate 3 party, the 2025 duet ""OVER//RIDE,"" and Calli as a guest at Nerissa's 3D concert. Nerissa and IRyS: two singers; IRyS guested at that concert, and Nerissa put IRyS and Ina in Tomodachi Life.","IRyS (2021) is Nerissa's senior; Myth are seniors to both. Recent pairings (IRyS with Kronii, Calli and Ina; Nerissa with Kiara and Calli) carry the most weight; pairs with Gura are memories. All are friendships and stream bits.",A three-way CHADCast call; a split-screen co-op with Kronii; KFP merch on Nerissa's shelf; Calli's rap and Nerissa's sung part in one duet.,
Myth and Kronii: Other Pairs,Relationship,"Kiara and Ame, Ame and Kiara, Kiara and Gura, Gura and Kiara, Calli and Ina, Ina and Calli, Calli and Ame, Ame and Calli, Ina and Ame, Ame and Ina, Ina and Gura, Gura and Ina, Kiara and Kronii, Kronii and Kiara, Gura and Kronii, Kronii and Gura","The rest of the web among the five Myth members and Kronii. Kiara and Ame: Ame is Kiara's EN oshi (""#1 Ame gosling""); Ame made Kiara's HOLOTALK intro, was its guest in 2024 and now guests at Kiara's concerts; Ame on a reunion: ""Kiara like, threw herself at me… she hugged me!"" Kiara and Gura: Kiara calls Gura ""Goobidiba"" and taught her German and Japanese, swears included; Gura's Minecraft prank filled Kiara's KFP back room with chickens; Gura was HOLOTALK's 34th guest the day before she graduated. Calli and Ina: Ina designed Death Sensei and drew Calli's debut EP cover; Calli wrote the lyrics of Ina's ""TAKO∞TAKOVER""; Calli is a recurring target of Ina's puns (""Every freaking time, Ina.""). Calli and Ame: early Clubhouse 51 duels; in 2026 Ame ""called in from 2021"" to Calli's charity stream. Ina and Ame: Ina designed Bubba; they did a ""loser buys dinner"" off-collab. Ina and Gura: the official ocean unit UMISEA (2021); Ina promised ""the wrath of Ina"" to anyone who makes Gura cry. Kiara and Kronii: Kiara was a fan before Kronii debuted and calls her ""quasoni."" Gura and Kronii: fan unit SNOTCast; in Gura's last months Kronii was one of her regular partners (""I Play, She Watches (She's Scared)"").","In the 2026 baseline, pairs with Gura are memories and callbacks, and pairs with Ame are guest appearances. Nicknames are used as each member uses them (Kiara's ""Goobidiba,"" ""quasoni""). All of these are friendships.","A KFP back room full of chickens; a hand-drawn Death Sensei and a Bubba sketch; Kiara's German-lesson voice; Gura repeating a swear wrong; ""Every freaking time, Ina.""",
Octo'Clock,Relationship,"Ina and Kronii, Kronii and Ina","Ninomae Ina'nis and Ouro Kronii, the octopus and the clock: longstanding collaborators whose 2026 Serendipity pairing foregrounds their shared puns, interests and performance work. They share Korean, a love of puns and occasional FGO streams, and in 2026 they were paired for hololive English's 4th concert ""Serendipity"" (Los Angeles, July 3–4) under the name ""Octo'Clock."" In their official interview Kronii called them ""Just two punny people waiting to deliver the pun-chline to everyone"" and praised Ina as ""very hard-working and ambitious""; Ina said ""I get to…keep Kronii….all to myself…..hehe…hehehe"" and admired Kronii's ""unmatched charisma whenever she sings."" They had met in person, found matching jackets and shared interests, and MC'd together at a hololive fes. Their goal was to ""nail the performance,"" and, Kronii added mostly as a joke, ""look cooler than everyone else.""","Ina's claim on Kronii is a sweet joke, not romance. Their humor is dueling puns and deadpan; their work ethic is serious. Their stream collabs before 2026 were occasional (group numbers, FGO, R.E.P.O.), alongside shared stage work.","Purple and deep blue; a tentacle and a clock hand on one poster; matching jackets; a pun, a beat of silence, Kronii's deadpan ""nice,"" Ina's giggle; a few words of Korean.",
Streaming Life,Culture,"hololive livestream, hololive collab, off-collab, offcollab, superchat, supa, akasupa, members-only stream, unarchived karaoke","The cast's everyday medium. A stream often opens on a ""Starting soon"" screen with BGM and a greeting, then games, chatting, karaoke, art or a watchalong; titles use brackets like ""【OFF COLLAB】"". Chat scrolls beside the avatar and the member reads it aloud, argues with it and calls it ""chat"" (or her fans' name). Channel memberships are paid subscriptions with members-only streams; superchats (""supas"") are paid highlighted messages, often read in a thank-you segment, though when and whether varies. A collab is a joint broadcast or project, remote or in person, with one or several channel perspectives (""POV""); an off-collab is in person; a 3D stream uses a full-body avatar; a relay passes the baton from channel to channel. Fans cut clips with dramatic titles. Weekly schedules and time zones decide who can collab when. Members also post on X: schedules, announcements, milestone thanks and in-character bits, each in her own written style.","An off-collab is in person; a collab can be remote or in person; 3D means a full-body avatar. A clip title is a fan's description, not the member's words. Chat can suggest; the member decides. Stream openings, schedules and chimes are common, not mandatory.","A scrolling chat wall of member-color emotes; the superchat chime and a yellow or red superchat bar; BGM under the talk; a keyboard and mouse; a genmate's voice crackling in over voice chat; a drink on the desk; ""Wait, chat, is my mic on?""",
TakaMori,Relationship,"Takamori, TakaMori, Calli and Kiara, Kiara and Calli","Mori Calliope and Takanashi Kiara are longtime close friends whose present-day public dynamic has an ""old married couple"" rhythm: familiar bickering, affectionate teasing and shared history despite fewer collaborations. Kiara says the love out loud, explaining that Calli ""actually does like me a lot but is just really bad at expressing herself""; Calli deflects, then snaps ""What do you mean?! I love Kiara!"" when a fan suggests they're only friends ""now."" It began as Myth's founding double act: in 2020 Kiara declared a crush on Calli and named the ship ""TakaMori,"" a persona joke pairing an immortal phoenix with a reaper who could never keep her dead; Kiara called Calli her ""wife,"" and Calli rebuffed her as ""kusotori"" (shitbird) while quietly supporting the hashtag. Calli made and narrated Kiara's debut intro. They toned the routine down in 2021. Since then: the duet ""Fire N Ice"" (2023), Kiara's watch party for Calli's 2025 concert, and a 2025 co-op series they titled ""takamori split screen nostalgia."" They play ""Mom"" and ""Dad"" to Kobo Kanaeru; when Kobo appeared in their chat they told her ""Go to bed!"" and ""Sorry Kobo, you can't be part of this because it's two players only."" When their game gave them fire and ice powers, they riffed, ""Fire and ice, death and life."" At the end of that series they bickered over a mangled idiom (""glass stones in stone houses or whatever"") until one gave up (""Whatever. We don't need any of these metaphors"") and signed off: ""Takamori will always get together for these ones, right?""","They toned down the early flirt-and-rebuff routine in 2021. Its nicknames and performed couple jokes remain shared callbacks; they do not establish a private romantic relationship, and no romance or intimacy is written. Kiara is openly affectionate; Calli is gruff in words and loyal in actions, and ""kusotori"" is a term of endearment by now. Collabs are occasional; when they meet, it feels like no time has passed. In the 2025 co-op lines quoted here, who said which is not always known; keep those exchanges unattributed.","Black and orange side by side in a split-screen co-op; Kiara's ""CALLI!"" at full volume and Calli's flat ""kusotori""; both cracking up at the same bad joke; Calli saying ""I love Kiara!"" like an obvious fact she's tired of repeating.",
TakoTori,Relationship,"Kiara and Ina, Ina and Kiara, Drawn to Dawn","Takanashi Kiara and Ninomae Ina'nis, Myth's gas pedal and brake. Ina's words: Kiara has ""a very 'go-getter', lively energy,"" Ina is ""laid-back, my-pace,"" and ""one of us is the gas pedal and one of us is the brake."" Kiara's: ""so different from me, and I love that,"" a mix of ""cat fueled energy"" and ""energy drink fueled energy."" Ina credits Kiara's support with helping her gain confidence in dancing; Ina is the quiet support, and Kiara has said Ina is always the first to message her when she's down. Ina designed Kiara's mascot Kotori, and Kiara still ""fired"" Ina over the 2020 KFP chicken incident. Their recent shared work includes the 2026 duo concert ""Drawn to Dawn"" (the Wiltern, Los Angeles, March 27–28) and a joint cover.","Kiara leads with volume and plans; Ina answers with calm, a pun, or one quiet line that lands. Their support is mutual and unshowy: Kiara hypes, Ina checks in. The firing is a running KFP joke, never a real grudge.","Orange and purple under concert lights; Kiara's hype countdown with Ina's calm ""okay, okay"" under it; a pun, a groan, a giggle; Kiara scream-laughing at one quiet line from Ina.",
Time Duo,Relationship,"Ame and Kronii, Kronii and Ame","Watson Amelia and Ouro Kronii, the time-traveling detective and the Warden of Time. Their rivalry is a lore joke: when Kronii debuted, Ame joked that Twitter was ""protecting me from a certain time lord"" and swore ""i'll give it back soon,"" as if her time travel were borrowed. Ame has joked that Kronii ""dislikes everything she likes,"" and Ame's alternate-Ame lore includes an ""Epic Ame War"" against Kronii that messed up time. On stream they played 5D chess neither understood, and Ame's last week of regular streams (2024) included Backrooms and Deep Rock Galactic with Kronii. Ame, now an affiliate, guested at Kronii's March 2026 birthday live, ""The Goddess Descends."" A small, fond pairing built on teasing and a shared bit about who owns time.","No one actually controls or travels through time; it is a shared joke. Ame plays the guilty borrower, Kronii the unimpressed Warden. In the 2026 baseline Ame appears as a guest, not a regular collab partner.","Gold and deep blue; a pocket watch beside a giant clock; Ame's gremlin cackle against Kronii's flat ""no""; a surprise guest walking onto a 3D stage.",
Time and Death,Relationship,"Calli and Kronii, Kronii and Calli, Kronster","Mori Calliope and Ouro Kronii, the reaper and the Warden of Time: two low-voiced, deadpan sparring partners. Kronii's first official collaboration partner outside her own generation was Calli (2021). Calli calls her ""Kronster""; their avatar heights are 168 cm and 167 cm, and Kronii never lets her forget the one centimeter. They billed themselves ""Time and Death"" in horror co-ops (Devour, the Backrooms, Lethal Company, The Outlast Trials) and share a cowboy TTRPG and a Powerwash ""Get Your Shrek On."" Their humor is mock feuds: when Kronii streamed a joke promotion of a made-up ""$KRONII"" coin in 2025, Calli answered with a mock exposé, ""Exposing the Lies of $KRONII Coin"" (a parody, not a real coin). They have collaborated repeatedly in horror and chaotic multiplayer games.","Their affection tends to come out as deadpan jabs, mock investigations and the height joke. Both swear when a horror game gets them. Kronii's schemes and Calli's exposés are bits, never real accusations.","Black and deep blue; two tall avatars side by side, a scythe next to a clock; two low voices trading deadpan lines; a GWAK and a burst of swearing at the same jump scare; Kronii standing a little straighter to win the 1 cm.",
VTuber Persona and Lore,Premise,"VTuber lore, hololive persona, kayfabe, in-character, canonically","The core premise of every story: the cast are hololive talents, streamers who perform characters through avatars. Their lore (a reaper, an immortal phoenix, a priestess of the Ancient Ones, a shark from Atlantis, a time-traveling detective, the Warden of Time, a half-angel half-demon nephilim, the Demon of Sound) is a persona and a running joke, not a fact of the story world, and they know it. They slip into the persona for bits (""canonically, I'm immortal""), break it casually to talk about food, games or work, and step out of it completely when something sincere needs saying. Their friendships, nicknames, songs, concerts and collabs are real parts of their lives. Off stream they are shown as their avatar selves and called by their talent names; nothing about the real people behind the avatars is ever described.","No one has supernatural powers. A ""power"" in a scene is a joke, a game, a song concept, a costume or a stream graphic; lore gags play out as gags. A member may improvise or contradict lore within a bit; an improvised joke does not automatically rewrite historical facts or permanent continuity. Never name, describe, locate or speculate about the performers behind the avatars (real names, faces, families, homes, health, careers). Public availability does not override this: identities, homes, families, health, private relationships and other prohibited personal details stay outside the story. Ships and couple bits are performed jokes and fan terms, not real romance. Characters are depicted using their public avatar designs; floating books, halos and similar elements are visual conventions, model effects or staged props, not abilities.","An avatar mirroring every head tilt; chat flooding with emotes when a lore joke lands; a member saying ""canonically"" with a grin; the small pause when someone drops the bit to say something plainly.",
hololive -Advent-,Faction,"Advent, holoAdvent, hololive English -Advent-","Nerissa Ravencroft's group, hololive English's third generation (debuted July 2023): Shiori Novella, Koseki Bijou, Nerissa, and the twins Fuwawa and Mococo Abyssgard (FUWAMOCO). Their shared lore is a stream bit: five ""criminals"" who escaped The Cell, a prison for anything too dangerous to exist; in the story Nerissa took the master key she wears on her keychain. The next generation, -Justice-, are the ""law enforcers"" sent to catch them, so joint streams can use prisoner-and-guard jokes; Nerissa calls Elizabeth her ""mortal enemy (lore)"" and sang with her as a duo at the 2026 Serendipity concert. Nerissa calls Shiori her ""wife"" while Shiori plays hard to get (ShioRaven); with Bijou she is a raven drawn to the shiny rock girl (JewelBird); with FUWAMOCO she claims to be the third sister, ""Mofufu"" (Sound Hounds). Kiara hosted all five on HOLOTALK two weeks after their debut. Fans: Adventrix, mark ⚠️.","All five are active in 2026; the group is ""hololive -Advent-"" since the 2026 merger. The prison escape is lore they play for laughs on stream, never a real crime. ""Wife,"" fictional children and the third-sister claim are performed character jokes, not private relationships or real family ties. Myth and Promise are their seniors.",The ⚠️ mark and Pokey on the logo; prison-gown merch; the master-key accessory on Nerissa's avatar; five voices crowding one mic.,
hololive -Myth-,Faction,"Myth, holoMyth, HoloMyth, hololive -Myth-, hololive English first generation","At the September 2026 baseline, Calli, Kiara and Ina are active members of hololive -Myth-; Ame is an affiliate and Gura is a graduate. All five belong to Myth's shared history. hololive's first English generation debuted 12–13 September 2020: Mori Calliope, Takanashi Kiara, Ninomae Ina'nis, Gawr Gura and Watson Amelia. They grew up on stream together: a chaotic first year of near-daily collabs, then a bond built around songs, anniversaries, relays and concerts. Calli wrote the lyrics for their first song and often plays the grumbling big sister; Kiara cheers loudest and hosts; Ina, the calm one, designed the Myth mascots except Bloop; Ame is often the gremlin and tech helper; Gura is the goofy little shark. Ame concluded her regular activities on 2024-09-30 and still guests at events; Gura graduated on 2025-05-01 after a last Myth relay ""one last time."" The 6th Anniversary 3D LIVE ""Seasons From Within"" was announced for 2026-09-19 with Calli, Kiara and Ina (Kiara announced a short break on 2026-09-09; her part in it is not confirmed here).","At the 2026 baseline Calli, Kiara and Ina are the active members; Ame can appear as an affiliate guest; Gura appears as a memory or callback, never as a current streamer. Early Myth (2020–21) was collab-heavy. Membership status says nothing about how often they talk privately. The gremlin, tech-helper and cheerleader roles are flexible comic roles, not fixed.","Five member colors in a row (black, orange, purple, blue, gold); five voices talking over each other in an old collab; three in 2026; the Myth logo on an anniversary screen.",
hololive -Promise-,Faction,"hololive -Promise-, holoPromise, hololive Council, holoCouncil, CouncilRyS","The group of Ouro Kronii and IRyS, hololive -Promise-: IRyS, Ouro Kronii and Hakos Baelz at the 2026 baseline. It grew from the English -Council- generation (August 2021), whose personas were themed around concepts (Kronii is Time); Sana graduated from Council in 2022, before Promise existed. IRyS (""Hope"") and the four remaining Council members were billed together as ""CouncilRyS"" and formed Promise on 2023-10-08 PDT / 10-09 JST; Fauna and Mumei graduated in 2025. Bae calls Kronii ""too talented, savage, and a tsundere granny""; Fauna once described Kronii's ""gap moe,"" the cute side that shows when she's flustered; IRyS has wondered aloud how Kronii sounds when she's scared. IRyS and Bae keep the ""BaeRyS"" bit of being ""married"" and ""divorced,"" which turned ""Monopoly"" into a fandom euphemism, and they are also creative partners: paired for the 2026 Serendipity concert, IRyS leans on Bae's ""strong vision"" when she's indecisive, Bae admires IRyS's humor that makes everyone comfortable, and they call their dynamic ""a can of worms"" and ""Complicated.""","At the 2026 baseline Promise is IRyS, Kronii and Bae; Fauna and Mumei are Promise graduates and Sana a Council graduate, appearing only as memories. Unit names (Council, Promise) describe groups, not real powers or concepts.","The Promise logo; Bae's chaos, IRyS's warmth and sly asides, and Kronii's deadpan in one call.",
hololive History 2023-2026,Event,"recent hololive history, the merger, the 2025 graduations, holoEN's later generations","The recent past behind the present. 2023: Advent debuts (Nerissa, Shiori, Bijou, FUWAMOCO, July); DEV_IS opens with ReGLOSS; IRyS and the Council become -Promise- (October); EN holds its 1st concert. 2024: Justice debuts (June) as the ""law enforcers"" hunting Advent; the ENigmatic Recollection fantasy story starts (IRyS's guild ""Cerulean Cup,"" Nerissa and Gura's ""Scarlet Wand""); EN's 2nd concert in New York; Ame concludes regular activities and stays an affiliate (09-30); in November COVER names this ""conclusion of streaming activities."" 2025: Fauna (01-03), Mumei (April) and Gura (05-01) graduate; Calli, IRyS and Nerissa lead World Tour '25 ""-Synchronize!-"" with Kronii and Bae as Sydney guests; EN's 3rd concert at Radio City. 2026: Kiara and Ina's duo concert ""Drawn to Dawn""; EN's 4th concert ""Serendipity"" in Los Angeles (pairs Calli–Shiori, Kronii–Ina, Kiara–Bijou); on 2026-09-07 the female-talent branches unify under ""hololive""; Kiara announces a short break (09-09); the new unit ASOBI★MAWARI-TAI! debuts (09-24/25); IRyS's first solo concert is set for 2026-10-06 in Tokyo.","After 2026-09-07 members say ""from hololive""; old group names survive as units. Affiliates may appear at events; graduates appear only as memories. ENReco is a fictional story the members play in, separate from their persona lore.","The new 2026 hololive logo; a world-tour poster of city names; Advent's ""WANTED!"" poster; a fes crowd counting down; a farewell stream's last song.",
hololive History to 2022,Event,"early hololive, Myth's debut, hololive English first generation","The shared past the cast remembers. 2017: Tokino Sora makes COVER's first broadcast. 2018–2019: the Japanese generations debut (1st gen, 2nd gen with Aqua and Shion, GAMERS, 3rd gen ""Fantasy"" with Pekora and Marine, 4th gen with Coco and Kanata); AZKi debuts in 2018 and joins Suisei under INoNaKa Music in 2019, and Suisei moves to the main branch; the male group HOLOSTARS starts in 2019 (Rikka among its first generation); in late 2019 hololive, HOLOSTARS and INoNaKa Music become ""hololive production."" 2020: the Indonesian branch opens; on 2020-09-12/13 hololive English -Myth- debuts (Calli first, then Kiara, Ina, Gura, Ame); Gura becomes the first hololive member to reach a million subscribers (2020-10-22: ""I am an overwhelmed, but very happy shark"") and in 2021 the most-subscribed VTuber anywhere; by 2021-05-30 all of Myth pass a million. 2021: IRyS debuts as Project: HOPE's VSinger (07-11), -Council- debuts with Kronii (08-23), holoX debuts, Coco graduates. 2022: ID gen 3 (Kobo, Zeta, Kaela), Calli and Kiara perform at hololive 3rd fes. ""Link Your Wish"" in Makuhari (03-20; Kiara: ""MAKUHARI WAS ON FIRE!""), HOLOSTARS adds the unit UPROAR!! and the English group -TEMPUS-, holoMeet starts with Gura as ambassador, Calli holds her first solo concert (07-21), and Sana graduates (07-31).","These are memories and in-jokes, not lectures. Departures are ""graduated"" or ""left,"" never explained. A story set in the past uses only what existed then.","A 2020 debut thumbnail; a ""1,000,000"" celebration screen; the old hololive English logo; senpai names said with reverence.",
hololive,Faction,"hololive production, COVER, holoEN, hololive English","The VTuber agency run by COVER Corporation that the cast belongs to. Its members are streamers who perform characters through avatars: they stream games, chat and karaoke, release songs, hold 3D lives and concerts, collab and off-collab with each other, and appear at events. Since 2026-09-07 the former female-talent branches are one ""hololive"" (hololive production also includes HOLOSTARS), and old groups are units: Calli, Kiara and Ina are active in hololive -Myth-; Kronii and IRyS are in hololive -Promise-; Nerissa is in hololive -Advent-. Watson Amelia concluded her regular activities on 2024-09-30 and remains an affiliate who appears at events; Gawr Gura graduated on 2025-05-01 and is an alumna. Senpai and kouhai mean who debuted earlier or later, not language or nationality; formality varies by relationship; genmates are the people you debuted with. The calendar runs on debut anniversaries, birthdays, concerts and fes.","Management and staff stay faceless helpers: no invented staff names, business secrets, scandals or disputes. Graduations are never explained beyond ""graduated."" Concerts are shown as avatar performances and the members' talk about them, not physical rehearsals. A story set before a date uses the statuses of that date (Gura active before May 2025; Ame streaming regularly before October 2024; branch names before September 2026).","A ""Starting soon"" screen; a superchat chime; a concert LED wall behind a 3D avatar; glowsticks in member colors; a crowd in Los Angeles singing along; a member starstruck in front of her favorite senpai.",
